[
  {
    "model": "admin.logentry",
    "pk": 1,
    "fields": {
      "action_time": "2022-08-29T18:00:45.758Z",
      "user": 1,
      "content_type": 3,
      "object_id": "1",
      "object_repr": "Administrador",
      "action_flag": 1,
      "change_message": "[{\"added\": {}}]"
    }
  },
  {
    "model": "admin.logentry",
    "pk": 2,
    "fields": {
      "action_time": "2022-08-29T18:01:02.320Z",
      "user": 1,
      "content_type": 3,
      "object_id": "2",
      "object_repr": "Gerente",
      "action_flag": 1,
      "change_message": "[{\"added\": {}}]"
    }
  },
  {
    "model": "admin.logentry",
    "pk": 3,
    "fields": {
      "action_time": "2022-08-29T18:03:09.920Z",
      "user": 1,
      "content_type": 3,
      "object_id": "3",
      "object_repr": "Operador",
      "action_flag": 1,
      "change_message": "[{\"added\": {}}]"
    }
  },
  {
    "model": "auth.permission",
    "pk": 1,
    "fields": {
      "name": "Can add log entry",
      "content_type": 1,
      "codename": "add_logentry"
    }
  },
  {
    "model": "auth.permission",
    "pk": 2,
    "fields": {
      "name": "Can change log entry",
      "content_type": 1,
      "codename": "change_logentry"
    }
  },
  {
    "model": "auth.permission",
    "pk": 3,
    "fields": {
      "name": "Can delete log entry",
      "content_type": 1,
      "codename": "delete_logentry"
    }
  },
  {
    "model": "auth.permission",
    "pk": 4,
    "fields": {
      "name": "Can view log entry",
      "content_type": 1,
      "codename": "view_logentry"
    }
  },
  {
    "model": "auth.permission",
    "pk": 5,
    "fields": {
      "name": "Can add permission",
      "content_type": 2,
      "codename": "add_permission"
    }
  },
  {
    "model": "auth.permission",
    "pk": 6,
    "fields": {
      "name": "Can change permission",
      "content_type": 2,
      "codename": "change_permission"
    }
  },
  {
    "model": "auth.permission",
    "pk": 7,
    "fields": {
      "name": "Can delete permission",
      "content_type": 2,
      "codename": "delete_permission"
    }
  },
  {
    "model": "auth.permission",
    "pk": 8,
    "fields": {
      "name": "Can view permission",
      "content_type": 2,
      "codename": "view_permission"
    }
  },
  {
    "model": "auth.permission",
    "pk": 9,
    "fields": {
      "name": "Can add group",
      "content_type": 3,
      "codename": "add_group"
    }
  },
  {
    "model": "auth.permission",
    "pk": 10,
    "fields": {
      "name": "Can change group",
      "content_type": 3,
      "codename": "change_group"
    }
  },
  {
    "model": "auth.permission",
    "pk": 11,
    "fields": {
      "name": "Can delete group",
      "content_type": 3,
      "codename": "delete_group"
    }
  },
  {
    "model": "auth.permission",
    "pk": 12,
    "fields": {
      "name": "Can view group",
      "content_type": 3,
      "codename": "view_group"
    }
  },
  {
    "model": "auth.permission",
    "pk": 13,
    "fields": {
      "name": "Can add content type",
      "content_type": 4,
      "codename": "add_contenttype"
    }
  },
  {
    "model": "auth.permission",
    "pk": 14,
    "fields": {
      "name": "Can change content type",
      "content_type": 4,
      "codename": "change_contenttype"
    }
  },
  {
    "model": "auth.permission",
    "pk": 15,
    "fields": {
      "name": "Can delete content type",
      "content_type": 4,
      "codename": "delete_contenttype"
    }
  },
  {
    "model": "auth.permission",
    "pk": 16,
    "fields": {
      "name": "Can view content type",
      "content_type": 4,
      "codename": "view_contenttype"
    }
  },
  {
    "model": "auth.permission",
    "pk": 17,
    "fields": {
      "name": "Can add session",
      "content_type": 5,
      "codename": "add_session"
    }
  },
  {
    "model": "auth.permission",
    "pk": 18,
    "fields": {
      "name": "Can change session",
      "content_type": 5,
      "codename": "change_session"
    }
  },
  {
    "model": "auth.permission",
    "pk": 19,
    "fields": {
      "name": "Can delete session",
      "content_type": 5,
      "codename": "delete_session"
    }
  },
  {
    "model": "auth.permission",
    "pk": 20,
    "fields": {
      "name": "Can view session",
      "content_type": 5,
      "codename": "view_session"
    }
  },
  {
    "model": "auth.permission",
    "pk": 21,
    "fields": {
      "name": "Can add user",
      "content_type": 6,
      "codename": "add_user"
    }
  },
  {
    "model": "auth.permission",
    "pk": 22,
    "fields": {
      "name": "Can change user",
      "content_type": 6,
      "codename": "change_user"
    }
  },
  {
    "model": "auth.permission",
    "pk": 23,
    "fields": {
      "name": "Can delete user",
      "content_type": 6,
      "codename": "delete_user"
    }
  },
  {
    "model": "auth.permission",
    "pk": 24,
    "fields": {
      "name": "Can view user",
      "content_type": 6,
      "codename": "view_user"
    }
  },
  {
    "model": "auth.permission",
    "pk": 25,
    "fields": {
      "name": "Can add Categoria",
      "content_type": 7,
      "codename": "add_category"
    }
  },
  {
    "model": "auth.permission",
    "pk": 26,
    "fields": {
      "name": "Can change Categoria",
      "content_type": 7,
      "codename": "change_category"
    }
  },
  {
    "model": "auth.permission",
    "pk": 27,
    "fields": {
      "name": "Can delete Categoria",
      "content_type": 7,
      "codename": "delete_category"
    }
  },
  {
    "model": "auth.permission",
    "pk": 28,
    "fields": {
      "name": "Can view Categoria",
      "content_type": 7,
      "codename": "view_category"
    }
  },
  {
    "model": "auth.permission",
    "pk": 29,
    "fields": {
      "name": "Can add Cliente",
      "content_type": 8,
      "codename": "add_client"
    }
  },
  {
    "model": "auth.permission",
    "pk": 30,
    "fields": {
      "name": "Can change Cliente",
      "content_type": 8,
      "codename": "change_client"
    }
  },
  {
    "model": "auth.permission",
    "pk": 31,
    "fields": {
      "name": "Can delete Cliente",
      "content_type": 8,
      "codename": "delete_client"
    }
  },
  {
    "model": "auth.permission",
    "pk": 32,
    "fields": {
      "name": "Can view Cliente",
      "content_type": 8,
      "codename": "view_client"
    }
  },
  {
    "model": "auth.permission",
    "pk": 33,
    "fields": {
      "name": "Can change Company",
      "content_type": 9,
      "codename": "change_company"
    }
  },
  {
    "model": "auth.permission",
    "pk": 34,
    "fields": {
      "name": "Can add Producto",
      "content_type": 10,
      "codename": "add_product"
    }
  },
  {
    "model": "auth.permission",
    "pk": 35,
    "fields": {
      "name": "Can change Producto",
      "content_type": 10,
      "codename": "change_product"
    }
  },
  {
    "model": "auth.permission",
    "pk": 36,
    "fields": {
      "name": "Can delete Producto",
      "content_type": 10,
      "codename": "delete_product"
    }
  },
  {
    "model": "auth.permission",
    "pk": 37,
    "fields": {
      "name": "Can view Producto",
      "content_type": 10,
      "codename": "view_product"
    }
  },
  {
    "model": "auth.permission",
    "pk": 38,
    "fields": {
      "name": "Can add Venta",
      "content_type": 11,
      "codename": "add_sale"
    }
  },
  {
    "model": "auth.permission",
    "pk": 39,
    "fields": {
      "name": "Can change Venta",
      "content_type": 11,
      "codename": "change_sale"
    }
  },
  {
    "model": "auth.permission",
    "pk": 40,
    "fields": {
      "name": "Can delete Venta",
      "content_type": 11,
      "codename": "delete_sale"
    }
  },
  {
    "model": "auth.permission",
    "pk": 41,
    "fields": {
      "name": "Can view Venta",
      "content_type": 11,
      "codename": "view_sale"
    }
  },
  {
    "model": "auth.group",
    "pk": 1,
    "fields": {
      "name": "Administrador",
      "permissions": [
        1,
        2,
        3,
        4,
        9,
        10,
        11,
        12,
        5,
        6,
        7,
        8,
        13,
        14,
        15,
        16,
        25,
        26,
        27,
        28,
        29,
        30,
        31,
        32,
        33,
        34,
        35,
        36,
        37,
        38,
        39,
        40,
        41,
        17,
        18,
        19,
        20,
        21,
        22,
        23,
        24
      ]
    }
  },
  {
    "model": "auth.group",
    "pk": 2,
    "fields": {
      "name": "Gerente",
      "permissions": [
        1,
        2,
        3,
        4,
        9,
        10,
        11,
        12,
        5,
        6,
        7,
        8,
        13,
        14,
        15,
        16,
        25,
        26,
        27,
        28,
        29,
        30,
        31,
        32,
        33,
        34,
        35,
        36,
        37,
        38,
        39,
        40,
        41,
        17,
        18,
        19,
        20,
        21,
        22,
        23,
        24
      ]
    }
  },
  {
    "model": "auth.group",
    "pk": 3,
    "fields": {
      "name": "Operador",
      "permissions": [
        4,
        12,
        8,
        16,
        28,
        32,
        37,
        41,
        20,
        24
      ]
    }
  },
  {
    "model": "contenttypes.contenttype",
    "pk": 1,
    "fields": {
      "app_label": "admin",
      "model": "logentry"
    }
  },
  {
    "model": "contenttypes.contenttype",
    "pk": 2,
    "fields": {
      "app_label": "auth",
      "model": "permission"
    }
  },
  {
    "model": "contenttypes.contenttype",
    "pk": 3,
    "fields": {
      "app_label": "auth",
      "model": "group"
    }
  },
  {
    "model": "contenttypes.contenttype",
    "pk": 4,
    "fields": {
      "app_label": "contenttypes",
      "model": "contenttype"
    }
  },
  {
    "model": "contenttypes.contenttype",
    "pk": 5,
    "fields": {
      "app_label": "sessions",
      "model": "session"
    }
  },
  {
    "model": "contenttypes.contenttype",
    "pk": 6,
    "fields": {
      "app_label": "user",
      "model": "user"
    }
  },
  {
    "model": "contenttypes.contenttype",
    "pk": 7,
    "fields": {
      "app_label": "pos",
      "model": "category"
    }
  },
  {
    "model": "contenttypes.contenttype",
    "pk": 8,
    "fields": {
      "app_label": "pos",
      "model": "client"
    }
  },
  {
    "model": "contenttypes.contenttype",
    "pk": 9,
    "fields": {
      "app_label": "pos",
      "model": "company"
    }
  },
  {
    "model": "contenttypes.contenttype",
    "pk": 10,
    "fields": {
      "app_label": "pos",
      "model": "product"
    }
  },
  {
    "model": "contenttypes.contenttype",
    "pk": 11,
    "fields": {
      "app_label": "pos",
      "model": "sale"
    }
  },
  {
    "model": "contenttypes.contenttype",
    "pk": 12,
    "fields": {
      "app_label": "pos",
      "model": "saleproduct"
    }
  },
  {
    "model": "sessions.session",
    "pk": "0lqohpny3fwd8slyz8wkrdzc42hgkqzt",
    "fields": {
      "session_data": ".eJxNjEsKwjAURXXgUARXoZNAYpqXzsS5aygvn2dbpYWmHQouIMO4DrdoRIWe4T2H-1g9X4sv97SL6wqnsa6m4IeqcSkueYrb2WbQXn2Xxd612F16ZvtuHBrDPgn72cDOvfO307_dzA5qDHWKR0USS0XuIDTPKOMAQJIC4ACGIwgpjCVLWlvyssg5IAkypdQcCpcm9gbqDz9U:1oSgyi:BdbeRuoE_87s1ioNH6yamVhWwW9VUvV5Ueo-tj3Dgu4",
      "expire_date": "2022-09-12T15:47:08.105Z"
    }
  },
  {
    "model": "sessions.session",
    "pk": "0yyzgmcyg1tptkiaov9ayk4wdt9q69gr",
    "fields": {
      "session_data": ".eJxNkL9OwzAQxilqASEKEhLvQBeLhDRON2BhQCzwANb5X2OaOlUcsyGVASQkbz3eFyctUm87f9939_OtR7_rwUFfH3gdxgx8WzLvVMOMxDBIMFzuvXEQC2WjMJFvYOc1EbVtG8NJZyE71ZHnWqrq4d97sTegBFdiuMt1BrNcy9u0SGLlXFJKM51TmlDKE6BplnKhhS4KoVU2jXYKOtV8lhUJncaho3lT-xWGqx2I5GTZbXWRwikM533HvF0ZsagUbjAMO4yYfOyT3_iFL9h9-oi5FlqF5Uk47clf-3aDk8-tDlIaO8efcCg5hmOpNPiqxXCmjaqkYwJEqaLV83AYr_Y0CEMLywgxvpdLY41rG5B1011iS8veVeNMbSNMRm5IGpOe_AETRZKT:1oSkT6:oFewmOxiiWrL2dh3FeAjgyG9s7vntjk1QSToUJ2Y-JE",
      "expire_date": "2022-09-12T19:30:44.122Z"
    }
  },
  {
    "model": "sessions.session",
    "pk": "3e6errmk2wttzbgwzbe73uzmbt7bgz02",
    "fields": {
      "session_data": ".eJxNkL9OwzAQxilqASEKEhLvQBeLhDRON2BhQCzwANb5X2OaOlUcsyGVASQkbz3eFyctUm87f9939_OtR7_rwUFfH3gdxgx8WzLvVMOMxDBIMFzuvXEQC2WjMJFvYOc1EbVtG8NJZyE71ZHnWqrq4d97sTegBFdiuMt1BrNcy9u0SGLlXFJKM51TmlDKE6BplnKhhS4KoVU2jXYKOtV8lhUJncaho3lT-xWGqx2I5GTZbXWRwikM533HvF0ZsagUbjAMO4yYfOyT3_iFL9h9-oi5FlqF5Uk47clf-3aDk8-tDlIaO8efcCg5hmOpNPiqxXCmjaqkYwJEqaLV83AYr_Y0CEMLywgxvpdLY41rG5B1011iS8veVeNMbSNMRm5IGpOe_AETRZKT:1oSkJo:ejn4OdpJDJNojSsmGZFk6z10-A_K_TFltyJLYcqL2Lk",
      "expire_date": "2022-09-12T19:21:08.936Z"
    }
  },
  {
    "model": "sessions.session",
    "pk": "er8l8lh3vq4gure2p61yzo52068ontkm",
    "fields": {
      "session_data": ".eJxNkL9OwzAQxilqASEKEhLvQBeLhDRON2BhQCzwANb5X2OaOlUcsyGVASQkbz3eFyctUm87f9939_OtR7_rwUFfH3gdxgx8WzLvVMOMxDBIMFzuvXEQC2WjMJFvYOc1EbVtG8NJZyE71ZHnWqrq4d97sTegBFdiuMt1BrNcy9u0SGLlXFJKM51TmlDKE6BplnKhhS4KoVU2jXYKOtV8lhUJncaho3lT-xWGqx2I5GTZbXWRwikM533HvF0ZsagUbjAMO4yYfOyT3_iFL9h9-oi5FlqF5Uk47clf-3aDk8-tDlIaO8efcCg5hmOpNPiqxXCmjaqkYwJEqaLV83AYr_Y0CEMLywgxvpdLY41rG5B1011iS8veVeNMbSNMRm5IGpOe_AETRZKT:1oTv2O:-8Y02XplJAwQHAi6Laqa-E8Q1wAPv_GTtsIpglDK0C8",
      "expire_date": "2022-09-16T01:00:00.089Z"
    }
  },
  {
    "model": "sessions.session",
    "pk": "jhqvdhgyrgbbu1z8elctputl5409dhna",
    "fields": {
      "session_data": ".eJxNkL9OwzAQxilqASEKEhLvQBeLhDRON2BhQCzwANb5X2OaOlUcsyGVASQkbz3eFyctUm87f9939_OtR7_rwUFfH3gdxgx8WzLvVMOMxDBIMFzuvXEQC2WjMJFvYOc1EbVtG8NJZyE71ZHnWqrq4d97sTegBFdiuMt1BrNcy9u0SGLlXFJKM51TmlDKE6BplnKhhS4KoVU2jXYKOtV8lhUJncaho3lT-xWGqx2I5GTZbXWRwikM533HvF0ZsagUbjAMO4yYfOyT3_iFL9h9-oi5FlqF5Uk47clf-3aDk8-tDlIaO8efcCg5hmOpNPiqxXCmjaqkYwJEqaLV83AYr_Y0CEMLywgxvpdLY41rG5B1011iS8veVeNMbSNMRm5IGpOe_AETRZKT:1oSjPt:JP1RAPOI2DdPXmYm2939osHuYOPiO6Pr4lIfQBUawhs",
      "expire_date": "2022-09-12T18:23:21.098Z"
    }
  },
  {
    "model": "sessions.session",
    "pk": "rgz2uw384hu5dc039c5fwuajqeql2v3e",
    "fields": {
      "session_data": ".eJxNjEsKwjAURXXgUARXoZNAYpqXzsS5aygvn2dbpYWmHQouIMO4DrdoRIWe4T2H-1g9X4sv97SL6wqnsa6m4IeqcSkueYrb2WbQXn2Xxd612F16ZvtuHBrDPgn72cDOvfO307_dzA5qDHWKR0USS0XuIDTPKOMAQJIC4ACGIwgpjCVLWlvyssg5IAkypdQcCpcm9gbqDz9U:1oSgks:Y66rUkb99LDauA94RknC26wNHAfXZ3GtgIiiG8xTGUU",
      "expire_date": "2022-09-12T15:32:50.547Z"
    }
  },
  {
    "model": "sessions.session",
    "pk": "s23tathsj4csc5mzdvq0u9y6ea3pzfmo",
    "fields": {
      "session_data": ".eJxNkL9OwzAQxilqASEKEhLvQBeLhDRON2BhQCzwANb5X2OaOlUcsyGVASQkbz3eFyctUm87f9939_OtR7_rwUFfH3gdxgx8WzLvVMOMxDBIMFzuvXEQC2WjMJFvYOc1EbVtG8NJZyE71ZHnWqrq4d97sTegBFdiuMt1BrNcy9u0SGLlXFJKM51TmlDKE6BplnKhhS4KoVU2jXYKOtV8lhUJncaho3lT-xWGqx2I5GTZbXWRwikM533HvF0ZsagUbjAMO4yYfOyT3_iFL9h9-oi5FlqF5Uk47clf-3aDk8-tDlIaO8efcCg5hmOpNPiqxXCmjaqkYwJEqaLV83AYr_Y0CEMLywgxvpdLY41rG5B1011iS8veVeNMbSNMRm5IGpOe_AETRZKT:1oSjCJ:d1YQvmwhfnlo28GIGM4RQuJuUSXhOWe43uurPKST-8Y",
      "expire_date": "2022-09-12T18:09:19.397Z"
    }
  },
  {
    "model": "user.user",
    "pk": 1,
    "fields": {
      "password": "pbkdf2_sha256$320000$g7Vg8rRclMmBwhtg2I8XKE$uucU+rLjzJvw5NxmfzvwM6hHQ1wW7iarJNEjg+ZG2Ds=",
      "last_login": "2022-09-02T00:59:59.913Z",
      "is_superuser": true,
      "username": "admin",
      "first_name": "Jesús Alejandro",
      "last_name": "Peñaherrera",
      "email": "jmolinap2@unemi.edu.ec",
      "is_staff": true,
      "is_active": true,
      "date_joined": "2022-08-29T15:26:38.172Z",
      "image": "",
      "token": "0635f4a0-b161-4ba4-9604-570237bc1185",
      "groups": [
        1
      ],
      "user_permissions": []
    }
  },
  {
    "model": "pos.category",
    "pk": 1,
    "fields": {
      "name": "Descartable",
      "description": "Producto de un solo uso.",
      "state": true
    }
  },
  {
    "model": "pos.category",
    "pk": 2,
    "fields": {
      "name": "Estéril",
      "description": "Tratamiento de esterilizacion.",
      "state": true
    }
  },
  {
    "model": "pos.product",
    "pk": 1,
    "fields": {
      "name": "KIT PARA PACIENTE (BATA+ZAPATON+GORRO)",
      "category": 1,
      "image": "product/2022/06/18/D_NQ_NP_722281-MLM49164199088_022022-O.webp",
      "is_service": false,
      "stock": 0,
      "pvp": "1.41",
      "state": true
    }
  },
  {
    "model": "pos.product",
    "pk": 2,
    "fields": {
      "name": "COBERTOR DE CAMILLA 105X215",
      "category": 1,
      "image": "product/2022/06/18/201902201627304285746.jpg",
      "is_service": false,
      "stock": 62,
      "pvp": "5.00",
      "state": true
    }
  },
  {
    "model": "pos.product",
    "pk": 3,
    "fields": {
      "name": "COBERTOR DE CAMILLA 120X220",
      "category": 1,
      "image": "product/2022/06/18/D_NQ_NP_835271-MLA49565067673_042022-V.jpg",
      "is_service": false,
      "stock": 68,
      "pvp": "2.00",
      "state": true
    }
  },
  {
    "model": "pos.product",
    "pk": 4,
    "fields": {
      "name": "COBERTOR DE CAMILLA LAMINADO 105X215",
      "category": 1,
      "image": "product/2022/06/18/D_NQ_NP_835271-MLA49565067673_042022-V_vzJnzed.jpg",
      "is_service": false,
      "stock": 27,
      "pvp": "1.25",
      "state": true
    }
  },
  {
    "model": "pos.product",
    "pk": 5,
    "fields": {
      "name": "COBERTOR DE CAMILLA LAMINADO 120X220",
      "category": 1,
      "image": "product/2022/06/18/17591255_139e89_6LcxjIs.webp",
      "is_service": false,
      "stock": 169,
      "pvp": "1.30",
      "state": true
    }
  },
  {
    "model": "pos.product",
    "pk": 6,
    "fields": {
      "name": "BATA PARA PACIENTE",
      "category": 1,
      "image": "product/2022/06/18/bata-desechable-paciente.jpg",
      "is_service": false,
      "stock": 409,
      "pvp": "0.80",
      "state": true
    }
  },
  {
    "model": "pos.product",
    "pk": 7,
    "fields": {
      "name": "BATA MANGA LARGA",
      "category": 1,
      "image": "product/2022/06/18/345-500x400.jpg",
      "is_service": false,
      "stock": 436,
      "pvp": "1.00",
      "state": true
    }
  },
  {
    "model": "pos.product",
    "pk": 8,
    "fields": {
      "name": "ZAPATONES SIMPLES X100",
      "category": 1,
      "image": "product/2022/06/18/zapaton.jpg",
      "is_service": false,
      "stock": 819,
      "pvp": "13.01",
      "state": true
    }
  },
  {
    "model": "pos.product",
    "pk": 9,
    "fields": {
      "name": "ZAPATONES CON ANTIDESLIZANTES X100",
      "category": 1,
      "image": "product/2022/06/18/Productos_07-450x450.jpg",
      "is_service": false,
      "stock": 875,
      "pvp": "15.00",
      "state": true
    }
  },
  {
    "model": "pos.product",
    "pk": 10,
    "fields": {
      "name": "GORRO TIPO ORUGA X100",
      "category": 1,
      "image": "product/2022/06/18/1-ROPA-QUIRURGICA-DESECHABLE-p3.jpg",
      "is_service": false,
      "stock": 928,
      "pvp": "10.00",
      "state": true
    }
  },
  {
    "model": "pos.product",
    "pk": 11,
    "fields": {
      "name": "TERNO QUIR┌RGICO S ML",
      "category": 1,
      "image": "product/2022/06/18/345-500x400_CNkluqQ.jpg",
      "is_service": false,
      "stock": 538,
      "pvp": "1.80",
      "state": true
    }
  },
  {
    "model": "pos.product",
    "pk": 12,
    "fields": {
      "name": "MASCARILLAS QUIRURGICAS X40",
      "category": 1,
      "image": "product/2022/06/18/kn95.png",
      "is_service": false,
      "stock": 1288,
      "pvp": "2.00",
      "state": true
    }
  },
  {
    "model": "pos.product",
    "pk": 13,
    "fields": {
      "name": "BATA PARA CIRUJANO EST╔RIL",
      "category": 1,
      "image": "product/2022/06/18/201902201627304285746_yZ92tHv.jpg",
      "is_service": false,
      "stock": 381,
      "pvp": "2.10",
      "state": true
    }
  },
  {
    "model": "pos.product",
    "pk": 14,
    "fields": {
      "name": "BATA PARA CIRUJANO REFORZADA EST╔RIL",
      "category": 1,
      "image": "",
      "is_service": false,
      "stock": 352,
      "pvp": "2.20",
      "state": true
    }
  },
  {
    "model": "pos.product",
    "pk": 15,
    "fields": {
      "name": "SABANA PLANA 120X200 EST╔RIL",
      "category": 1,
      "image": "product/2022/06/18/paquete-quirurgico2.jpg",
      "is_service": false,
      "stock": 533,
      "pvp": "2.50",
      "state": true
    }
  },
  {
    "model": "pos.product",
    "pk": 16,
    "fields": {
      "name": "SABANA PLANA LAMINADA 160X200 EST╔RIL",
      "category": 1,
      "image": "",
      "is_service": false,
      "stock": 260,
      "pvp": "2.70",
      "state": true
    }
  },
  {
    "model": "pos.product",
    "pk": 17,
    "fields": {
      "name": "PAQUETE QUIRURGICO GENERAL EST╔RIL",
      "category": 1,
      "image": "product/2022/06/18/paquete-quirurgico2_9EVvTu2.jpg",
      "is_service": false,
      "stock": 376,
      "pvp": "30.00",
      "state": true
    }
  },
  {
    "model": "pos.product",
    "pk": 18,
    "fields": {
      "name": "PAQUETE QUIRURGICO EST╔TICA EST╔RIL",
      "category": 1,
      "image": "product/2022/06/18/paquetes.png",
      "is_service": false,
      "stock": 183,
      "pvp": "21.00",
      "state": true
    }
  },
  {
    "model": "pos.product",
    "pk": 19,
    "fields": {
      "name": "PAQUETE QUIRURGICO EST╔TICA COMPLETO EST╔RIL",
      "category": 1,
      "image": "product/2022/06/18/paquete-quirurgico2_VshMYkb.jpg",
      "is_service": false,
      "stock": 142,
      "pvp": "27.00",
      "state": true
    }
  },
  {
    "model": "pos.product",
    "pk": 20,
    "fields": {
      "name": "SET PARA CARA EST╔TICA EST╔RIL",
      "category": 1,
      "image": "product/2022/06/18/201902201627304285746_j4VtCiG.jpg",
      "is_service": false,
      "stock": 248,
      "pvp": "5.00",
      "state": true
    }
  },
  {
    "model": "pos.client",
    "pk": 1,
    "fields": {
      "names": "Sabrina Haro",
      "dni": "0457576879",
      "birthdate": "2022-06-18",
      "address": "Guayas, Duran, Ciudadela el Recreo",
      "gender": "female",
      "state": true
    }
  },
  {
    "model": "pos.client",
    "pk": 2,
    "fields": {
      "names": "David",
      "dni": "9393848583",
      "birthdate": "2022-06-18",
      "address": "949583959",
      "gender": "male",
      "state": true
    }
  },
  {
    "model": "pos.client",
    "pk": 3,
    "fields": {
      "names": "Juanito Juares",
      "dni": "0940537021",
      "birthdate": "2022-06-18",
      "address": "Guayas, Duran, Ciudadela el Recreo",
      "gender": "male",
      "state": true
    }
  },
  {
    "model": "pos.client",
    "pk": 4,
    "fields": {
      "names": "Genesis",
      "dni": "9394848393",
      "birthdate": "2022-06-18",
      "address": "Daule",
      "gender": "female",
      "state": true
    }
  },
  {
    "model": "pos.client",
    "pk": 5,
    "fields": {
      "names": "Pancho Villa Real",
      "dni": "0534346346",
      "birthdate": "2022-09-01",
      "address": "51554",
      "gender": "female",
      "state": true
    }
  },
  {
    "model": "pos.client",
    "pk": 6,
    "fields": {
      "names": "Antonio Moncharte",
      "dni": "3758948272",
      "birthdate": "2022-09-01",
      "address": "Desierto",
      "gender": "male",
      "state": true
    }
  },
  {
    "model": "pos.client",
    "pk": 7,
    "fields": {
      "names": "Manuel Manuales",
      "dni": "4837262349",
      "birthdate": "2022-09-01",
      "address": "294837457",
      "gender": "male",
      "state": true
    }
  },
  {
    "model": "pos.client",
    "pk": 8,
    "fields": {
      "names": "Jesús Alejandro Molina",
      "dni": "0940535065",
      "birthdate": "2022-08-30",
      "address": "51554",
      "gender": "male",
      "state": true
    }
  },
  {
    "model": "pos.company",
    "pk": 1,
    "fields": {
      "name": "DIVAMED",
      "ruc": "0951411446",
      "address": "duran el recreo mz 342 v2",
      "mobile": "09",
      "phone": "2670474",
      "website": "https://divamed.com",
      "image": "company/2022/06/18/DIVAMEDLOGO_xTP7kJL.png"
    }
  },
  {
    "model": "pos.sale",
    "pk": 1,
    "fields": {
      "company": 1,
      "user": 1,
      "client": 4,
      "date_joined": "2022-08-29",
      "subtotal": "543.90",
      "iva": "0.00",
      "total_iva": "0.00",
      "dscto": "10.00",
      "total_dscto": "54.39",
      "total": "489.51",
      "state": true
    }
  },
  {
    "model": "pos.sale",
    "pk": 2,
    "fields": {
      "company": 1,
      "user": 1,
      "client": 3,
      "date_joined": "2022-01-01",
      "subtotal": "125.25",
      "iva": "16.00",
      "total_iva": "20.04",
      "dscto": "0.00",
      "total_dscto": "0.00",
      "total": "145.29",
      "state": true
    }
  },
  {
    "model": "pos.sale",
    "pk": 3,
    "fields": {
      "company": 1,
      "user": 1,
      "client": 5,
      "date_joined": "2022-02-01",
      "subtotal": "474.00",
      "iva": "18.00",
      "total_iva": "85.32",
      "dscto": "0.01",
      "total_dscto": "0.05",
      "total": "559.27",
      "state": true
    }
  },
  {
    "model": "pos.sale",
    "pk": 4,
    "fields": {
      "company": 1,
      "user": 1,
      "client": 1,
      "date_joined": "2022-09-01",
      "subtotal": "230.00",
      "iva": "12.00",
      "total_iva": "27.60",
      "dscto": "0.00",
      "total_dscto": "0.00",
      "total": "257.60",
      "state": true
    }
  },
  {
    "model": "pos.sale",
    "pk": 5,
    "fields": {
      "company": 1,
      "user": 1,
      "client": 6,
      "date_joined": "2022-09-01",
      "subtotal": "884.40",
      "iva": "12.00",
      "total_iva": "106.13",
      "dscto": "0.00",
      "total_dscto": "0.00",
      "total": "990.53",
      "state": true
    }
  },
  {
    "model": "pos.sale",
    "pk": 6,
    "fields": {
      "company": 1,
      "user": 1,
      "client": 7,
      "date_joined": "2022-03-01",
      "subtotal": "670.10",
      "iva": "12.00",
      "total_iva": "80.41",
      "dscto": "0.00",
      "total_dscto": "0.00",
      "total": "750.51",
      "state": true
    }
  },
  {
    "model": "pos.sale",
    "pk": 7,
    "fields": {
      "company": 1,
      "user": 1,
      "client": 8,
      "date_joined": "2022-09-01",
      "subtotal": "22.80",
      "iva": "12.00",
      "total_iva": "2.74",
      "dscto": "0.00",
      "total_dscto": "0.00",
      "total": "25.54",
      "state": true
    }
  },
  {
    "model": "pos.saleproduct",
    "pk": 1,
    "fields": {
      "sale": 1,
      "product": 1,
      "price": "1.41",
      "cant": 100,
      "subtotal": "141.00"
    }
  },
  {
    "model": "pos.saleproduct",
    "pk": 2,
    "fields": {
      "sale": 1,
      "product": 13,
      "price": "2.10",
      "cant": 9,
      "subtotal": "18.90"
    }
  },
  {
    "model": "pos.saleproduct",
    "pk": 3,
    "fields": {
      "sale": 1,
      "product": 2,
      "price": "5.00",
      "cant": 10,
      "subtotal": "50.00"
    }
  },
  {
    "model": "pos.saleproduct",
    "pk": 4,
    "fields": {
      "sale": 1,
      "product": 5,
      "price": "1.30",
      "cant": 10,
      "subtotal": "13.00"
    }
  },
  {
    "model": "pos.saleproduct",
    "pk": 5,
    "fields": {
      "sale": 1,
      "product": 19,
      "price": "27.00",
      "cant": 10,
      "subtotal": "270.00"
    }
  },
  {
    "model": "pos.saleproduct",
    "pk": 6,
    "fields": {
      "sale": 1,
      "product": 14,
      "price": "2.20",
      "cant": 10,
      "subtotal": "22.00"
    }
  },
  {
    "model": "pos.saleproduct",
    "pk": 7,
    "fields": {
      "sale": 1,
      "product": 12,
      "price": "2.00",
      "cant": 1,
      "subtotal": "2.00"
    }
  },
  {
    "model": "pos.saleproduct",
    "pk": 8,
    "fields": {
      "sale": 1,
      "product": 16,
      "price": "2.70",
      "cant": 10,
      "subtotal": "27.00"
    }
  },
  {
    "model": "pos.saleproduct",
    "pk": 9,
    "fields": {
      "sale": 2,
      "product": 11,
      "price": "1.80",
      "cant": 50,
      "subtotal": "90.00"
    }
  },
  {
    "model": "pos.saleproduct",
    "pk": 10,
    "fields": {
      "sale": 2,
      "product": 1,
      "price": "1.41",
      "cant": 25,
      "subtotal": "35.25"
    }
  },
  {
    "model": "pos.saleproduct",
    "pk": 11,
    "fields": {
      "sale": 3,
      "product": 19,
      "price": "27.00",
      "cant": 7,
      "subtotal": "189.00"
    }
  },
  {
    "model": "pos.saleproduct",
    "pk": 12,
    "fields": {
      "sale": 3,
      "product": 11,
      "price": "1.80",
      "cant": 100,
      "subtotal": "180.00"
    }
  },
  {
    "model": "pos.saleproduct",
    "pk": 13,
    "fields": {
      "sale": 3,
      "product": 13,
      "price": "2.10",
      "cant": 50,
      "subtotal": "105.00"
    }
  },
  {
    "model": "pos.saleproduct",
    "pk": 14,
    "fields": {
      "sale": 4,
      "product": 4,
      "price": "1.25",
      "cant": 100,
      "subtotal": "125.00"
    }
  },
  {
    "model": "pos.saleproduct",
    "pk": 15,
    "fields": {
      "sale": 4,
      "product": 13,
      "price": "2.10",
      "cant": 50,
      "subtotal": "105.00"
    }
  },
  {
    "model": "pos.saleproduct",
    "pk": 16,
    "fields": {
      "sale": 5,
      "product": 8,
      "price": "13.01",
      "cant": 15,
      "subtotal": "195.15"
    }
  },
  {
    "model": "pos.saleproduct",
    "pk": 17,
    "fields": {
      "sale": 5,
      "product": 10,
      "price": "10.00",
      "cant": 30,
      "subtotal": "300.00"
    }
  },
  {
    "model": "pos.saleproduct",
    "pk": 18,
    "fields": {
      "sale": 5,
      "product": 7,
      "price": "1.00",
      "cant": 110,
      "subtotal": "110.00"
    }
  },
  {
    "model": "pos.saleproduct",
    "pk": 19,
    "fields": {
      "sale": 5,
      "product": 6,
      "price": "0.80",
      "cant": 210,
      "subtotal": "168.00"
    }
  },
  {
    "model": "pos.saleproduct",
    "pk": 20,
    "fields": {
      "sale": 5,
      "product": 9,
      "price": "15.00",
      "cant": 7,
      "subtotal": "105.00"
    }
  },
  {
    "model": "pos.saleproduct",
    "pk": 21,
    "fields": {
      "sale": 5,
      "product": 4,
      "price": "1.25",
      "cant": 5,
      "subtotal": "6.25"
    }
  },
  {
    "model": "pos.saleproduct",
    "pk": 22,
    "fields": {
      "sale": 6,
      "product": 14,
      "price": "2.20",
      "cant": 142,
      "subtotal": "312.40"
    }
  },
  {
    "model": "pos.saleproduct",
    "pk": 23,
    "fields": {
      "sale": 6,
      "product": 19,
      "price": "27.00",
      "cant": 5,
      "subtotal": "135.00"
    }
  },
  {
    "model": "pos.saleproduct",
    "pk": 24,
    "fields": {
      "sale": 6,
      "product": 16,
      "price": "2.70",
      "cant": 1,
      "subtotal": "2.70"
    }
  },
  {
    "model": "pos.saleproduct",
    "pk": 25,
    "fields": {
      "sale": 6,
      "product": 12,
      "price": "2.00",
      "cant": 110,
      "subtotal": "220.00"
    }
  },
  {
    "model": "pos.saleproduct",
    "pk": 26,
    "fields": {
      "sale": 7,
      "product": 11,
      "price": "1.80",
      "cant": 1,
      "subtotal": "1.80"
    }
  },
  {
    "model": "pos.saleproduct",
    "pk": 27,
    "fields": {
      "sale": 7,
      "product": 18,
      "price": "21.00",
      "cant": 1,
      "subtotal": "21.00"
    }
  }
]
